f1,precision,recall
0.9765326541750045,0.9610885652900454,0.9924812030075187
